<?xml version="1.0" encoding="UTF-8" ?>
<annotation id="hug27" activity="hug" source="MTurk">
    <object id="0" role="Subject">
        <attribute type="Mental">ecstatic, embracing, emotional, excited, excited, excited, exuberant, grateful, happy, happy, happy, happy, joyful, joyful, loved, loved, loved, loved, relieved, relieved, shocked, shocked, shocked, surprised, surprised, tearful</attribute>
        <attribute type="Detection" />
    </object>
    <object id="1" role="Object">
        <attribute type="Mental">emotional, emotional, emotional, excited, excited, happy, happy, happy, happy, happy, happy, happy, joyful, joyful, laughable, loved, loved, loved, relieved, safe, shock, surprised, surprised, surprised</attribute>
        <attribute type="Detection" />
    </object>
    <object id="2" role="Settings">
        <attribute type="Mental" />
        <attribute type="Detection">home, home, home, indoor, indoor, indoor, living-room, living-room, living-room, suburb, suburb</attribute>
    </object>
    <object id="3" role="Others">
        <attribute type="Mental" />
        <attribute type="Detection">adult, adult, adult, chair, chair, chair, child, child, child, hug-multi, hug-multi, hug-multi, parent-child, parent-child, parent-child, person, person, person, raising, raising, running, sofa, sofa, table, walking, walking</attribute>
    </object>
</annotation>