<?xml version="1.0" encoding="UTF-8" ?>
<annotation id="hug30" activity="hug" source="MTurk">
    <object id="0" role="Subject">
        <attribute type="Mental">calm, caring, compassionate, content, grateful, grateful, grateful, grateful, happy, happy, happy, happy, happy, hopeful, joyful, loved, loved, proud, relieved</attribute>
        <attribute type="Detection" />
    </object>
    <object id="1" role="Object">
        <attribute type="Mental">amused, caring, fearful, glad, grateful, grateful, happy, happy, happy, happy, happy, intimate, joyful, loved, loved, loved, overwhelmed, proud, proud, sad, sad, sad</attribute>
        <attribute type="Detection" />
    </object>
    <object id="2" role="Settings">
        <attribute type="Mental" />
        <attribute type="Detection">home, home, home, indoor, indoor, indoor, kitchen, living-room, living-room, living-room</attribute>
    </object>
    <object id="3" role="Others">
        <attribute type="Mental" />
        <attribute type="Detection">adult, adult, adult, carrying, carrying, chair, chair, chair, child, child, child, parent-child, parent-child, parent-child, person, person, person, raising, raising, siblings, siblings, sofa, table</attribute>
    </object>
</annotation>