<?xml version="1.0" encoding="UTF-8" ?>
<annotation id="hug45" activity="hug" source="MTurk">
    <object id="0" role="Subject">
        <attribute type="Mental">adoring, caring, content, emotional, excited, excited, excited, excited, excited, happy, happy, happy, happy, happy, happy, joyful, joyful, loved, loved, moved, shocked, surprised, trusting, trusting</attribute>
        <attribute type="Detection" />
    </object>
    <object id="1" role="Object">
        <attribute type="Mental">approachable, care, dutiful, eager, excited, flattered, friendly, happy, happy, happy, happy, happy, joyful, joyful, loved, pleased, proud, surprised, thrilled</attribute>
        <attribute type="Detection" />
    </object>
    <object id="2" role="Settings">
        <attribute type="Mental" />
        <attribute type="Detection">indoor, outdoor, outdoor, park, park</attribute>
    </object>
    <object id="3" role="Others">
        <attribute type="Mental" />
        <attribute type="Detection">adult, adult, boat, child, child, child, hug-multi, hug-multi, person, person, person, raising, raising, running, strangers, strangers, strangers, tree, walking</attribute>
    </object>
</annotation>