<?xml version="1.0" encoding="UTF-8" ?>
<annotation id="hug40" activity="hug" source="MTurk">
    <object id="0" role="Subject">
        <attribute type="Mental">adrenaline, affected, amazed, celebratory, disbelieving, empathetic, enthusiastic, excited, excited, excited, excited, excited, excited, exuberant, happy, happy, happy, happy, happy, happy, instinctive, overjoyed, overjoyed, proud, shocked, thrilled</attribute>
        <attribute type="Detection" />
    </object>
    <object id="1" role="Object">
        <attribute type="Mental">cheerful, ecstatic, ecstatic, elated, elated, enthusiastic, excited, excited, excited, excited, excited, exuberant, exultant, happy, happy, happy, happy, happy, happy, happy, hyped, joyful, jubilant, laughable, nervous, pumped, rejoiced, relieved, shocked, shocked, thrilled, thrilled, victorious</attribute>
        <attribute type="Detection" />
    </object>
    <object id="2" role="Settings">
        <attribute type="Mental" />
        <attribute type="Detection">arena, arena, arena, indoor, indoor</attribute>
    </object>
    <object id="3" role="Others">
        <attribute type="Mental" />
        <attribute type="Detection">adult, adult, ball, ball, carrying, carrying, fall, fall, fall, hug-multi, jogging, jumping, jumping, jumping, person, person, person, pick-up, put-down, put-down, raising, raising, raising, running, running, strangers, strangers, strangers, walking, waving, waving</attribute>
    </object>
</annotation>