<?xml version="1.0" encoding="UTF-8" ?>
<annotation id="hug04" activity="hug" source="MTurk">
    <object id="0" role="Subject">
        <attribute type="Mental">comfortable, content, emotional, excited, excited, excited, excited, excited, fulfilled, happy, happy, happy, happy, happy, happy, happy, happy, loved, loved, loved, loved, overwhelmed, relieved, relieved, surprised, surprised, surprised, surprised, thrilled, trusting</attribute>
        <attribute type="Detection" />
    </object>
    <object id="1" role="Object">
        <attribute type="Mental">adored, attached, ecstatic, ecstatic, elated, emotional, excited, excited, excited, happy, happy, happy, happy, happy, happy, happy, happy, joyful, longing, loved, loved, loved, loved, relieved, sad, smiling, surprised, wanted, warm, welcoming</attribute>
        <attribute type="Detection" />
    </object>
    <object id="2" role="Settings">
        <attribute type="Mental" />
        <attribute type="Detection">indoor, indoor, indoor</attribute>
    </object>
    <object id="3" role="Others">
        <attribute type="Mental" />
        <attribute type="Detection">adult, adult, adult, chair, chair, chair, child, child, child, hug-multi, hug-multi, hug-multi, jumping, parent-child, parent-child, parent-child, person, person, person, pick-up, raising, raising, running, running, running, table, table, table</attribute>
    </object>
</annotation>