<?xml version="1.0" encoding="UTF-8" ?>
<annotation id="hug02" activity="hug" source="MTurk">
    <object id="0" role="Subject">
        <attribute type="Mental">anxious, awkward, awkward, caring, dutiful, emotional, fearful, fearful, finalizing, hesitant, hopeless, hopeless, nervous, nervous, nervous, scared, shy, teased, tentative, timid, trusting</attribute>
        <attribute type="Detection" />
    </object>
    <object id="1" role="Object">
        <attribute type="Mental">aloof, awkward, confused, confused, distant, dutiful, ecstatic, frustrated, fun, hesitant, nervous, nervous, scared, shocked, surprised, surprised, surprised, surprised, surprised, undecided, unsure, untrusting, uptight</attribute>
        <attribute type="Detection" />
    </object>
    <object id="2" role="Settings">
        <attribute type="Mental" />
        <attribute type="Detection">home, home, home, indoor, indoor, indoor, living-room, living-room, living-room</attribute>
    </object>
    <object id="3" role="Others">
        <attribute type="Mental" />
        <attribute type="Detection">acquaintances, acquaintances, adult, adult, adult, chair, chair, chair, friends, friends, hug-multi, jogging, person, person, raising, raising, running, sofa, sofa, sofa, table, table, table, walking, walking</attribute>
    </object>
</annotation>