<?xml version="1.0" encoding="UTF-8" ?>
<annotation id="hug11" activity="hug" source="MTurk">
    <object id="0" role="Subject">
        <attribute type="Mental">appreciative, compassionate, concerned, confident, contemplative, content, cooperative, cooperative, cordial, dependable, friendly, happy, joyful, obligated, prestigious, proud, respecting, thankful, trusting, understanding</attribute>
        <attribute type="Detection" />
    </object>
    <object id="1" role="Object">
        <attribute type="Mental">appreciative, appreciative, care, confident, cordial, determined, diplomatic, dutiful, emotional, flattered, friendly, happy, happy, happy, happy, happy, hopeful, obligated, passionate, prestigious, proud, respecting, serious</attribute>
        <attribute type="Detection" />
    </object>
    <object id="2" role="Settings">
        <attribute type="Mental" />
        <attribute type="Detection">arena, arena, arena, indoor, indoor, indoor, outdoor</attribute>
    </object>
    <object id="3" role="Others">
        <attribute type="Mental" />
        <attribute type="Detection">acquaintances, acquaintances, acquaintances, adult, adult, adult, ball, ball, hug-multi, person, person, raising, raising, walking, waving</attribute>
    </object>
</annotation>