<?xml version="1.0" encoding="UTF-8" ?>
<annotation id="hug15" activity="hug" source="MTurk">
    <object id="0" role="Subject">
        <attribute type="Mental">contrived, dutiful, ecstatic, excited, excited, friendly, giddy, goofy, happy, happy, happy, happy, jovial, joyful, playful, positive, rejoiced, silly, surprised</attribute>
        <attribute type="Detection" />
    </object>
    <object id="1" role="Object">
        <attribute type="Mental">energetic, excited, excited, friendly, giddy, giddy, happy, happy, happy, happy, happy, happy, joyful, silly, surprised, uncomfortable, untrusting, youthful</attribute>
        <attribute type="Detection" />
    </object>
    <object id="2" role="Settings">
        <attribute type="Mental" />
        <attribute type="Detection">country, forest, forest, outdoor, outdoor, outdoor, park, park, park</attribute>
    </object>
    <object id="3" role="Others">
        <attribute type="Mental" />
        <attribute type="Detection">acquaintances, acquaintances, child, child, friends, friends, hug-multi, hug-multi, person, person, raising, raising, running, running, tree, tree, walking, waving</attribute>
    </object>
</annotation>