<?xml version="1.0" encoding="UTF-8" ?>
<annotation id="hug13" activity="hug" source="MTurk">
    <object id="0" role="Subject">
        <attribute type="Mental">eager, elated, elated, emotional, excited, excited, excited, excited, excited, excited, excited, excited, excited, exuberant, happy, happy, happy, happy, happy, happy, joyful, joyful, loved, nervous, overjoyed, overjoyed, rejoiced, triumphant</attribute>
        <attribute type="Detection" />
    </object>
    <object id="1" role="Object">
        <attribute type="Mental">accepting, amused, amused, awkward, confused, content, embarrassed, excited, generous, happy, happy, happy, happy, interested, nervous, performing, surprised, uptight</attribute>
        <attribute type="Detection" />
    </object>
    <object id="2" role="Settings">
        <attribute type="Mental" />
        <attribute type="Detection">arena, arena, indoor, indoor, indoor</attribute>
    </object>
    <object id="3" role="Others">
        <attribute type="Mental" />
        <attribute type="Detection">acquaintances, acquaintances, acquaintances, adult, adult, adult, fall, hug-multi, hug-multi, jumping, person, person, person, raising, tv, walking, walking</attribute>
    </object>
</annotation>