<?xml version="1.0" encoding="UTF-8" ?>
<annotation id="hug20" activity="hug" source="MTurk">
    <object id="0" role="Subject">
        <attribute type="Mental">aggressive, bewildered, confident, confused, curiosity, determined, determined, discontent, downtrodden, eager, eager, efficient, emotional, happy, hopeful, hopeful, loved, loved, loved, loved, persistence, persistent, sad, trusting, zealous</attribute>
        <attribute type="Detection" />
    </object>
    <object id="1" role="Object">
        <attribute type="Mental">aggressive, angry, angry, angry, angry, annoyed, annoyed, conflict, defensive, disgusted, dislike, forcing, frustrated, frustrated, hatred, irritated, irritated, irritated, shy, troubled, unaccustomed, unhappy, unhappy, visionary</attribute>
        <attribute type="Detection" />
    </object>
    <object id="2" role="Settings">
        <attribute type="Mental" />
        <attribute type="Detection">alley, indoor, outdoor, outdoor, outdoor, park, store, street</attribute>
    </object>
    <object id="3" role="Others">
        <attribute type="Mental" />
        <attribute type="Detection">acquaintances, acquaintances, child, child, child, fall, fall, fall, hug-multi, hug-multi, put-down, raising, raising, siblings, walking, walking, walking, waving</attribute>
    </object>
</annotation>