<?xml version="1.0" encoding="UTF-8" ?>
<annotation id="hug21" activity="hug" source="MTurk">
    <object id="0" role="Subject">
        <attribute type="Mental">careful, cheerful, childish, excited, friendly, happy, happy, happy, happy, happy, happy, happy, happy, jolly, joyful, loved, loved, protective, silly</attribute>
        <attribute type="Detection" />
    </object>
    <object id="1" role="Object">
        <attribute type="Mental">childish, confused, ecstatic, energetic, friendly, happy, happy, happy, happy, happy, happy, humorous, joyful, joyful, joyful, playful, silly, unwanted</attribute>
        <attribute type="Detection" />
    </object>
    <object id="2" role="Settings">
        <attribute type="Mental" />
        <attribute type="Detection">home, home, home, indoor, indoor, indoor, living-room, living-room, living-room</attribute>
    </object>
    <object id="3" role="Others">
        <attribute type="Mental" />
        <attribute type="Detection">chair, child, child, child, fall, fall, fall, hug-multi, person, person, person, raising, siblings, siblings, sofa, sofa, sofa, table, table, tv, walking, walking, waving, waving</attribute>
    </object>
</annotation>