<?xml version="1.0" encoding="UTF-8" ?>
<annotation id="chase08" activity="chase" source="MTurk">
    <object id="0" role="Subject">
        <attribute type="Mental">aggressive, angry, angry, angry, angry, angry, determined, determined, determined, driven, dutiful, excited, focused, frantic, frustrated, furious, incensed, incredulous, protective, raging, upset, upset, upset, vigilant</attribute>
        <attribute type="Detection">object, person, person, person, raising, raising, raising, running, running, running</attribute>
    </object>
    <object id="1" role="Object">
        <attribute type="Mental">buoyant, calm, calm, cheerful, cunning, excited, fearful, fearful, forgetful, heart-pounding, hesitant, nonchalant, placid, relaxed, sneaky, surprised, tired, unaware, unconcerned, watchful</attribute>
        <attribute type="Detection">person, person, person, pushing, pushing, walking, walking, walking</attribute>
    </object>
    <object id="2" role="Settings">
        <attribute type="Mental" />
        <attribute type="Detection">indoor, indoor, indoor, store, store, store</attribute>
    </object>
    <object id="3" role="Others">
        <attribute type="Mental" />
        <attribute type="Detection">bag, bag</attribute>
    </object>
</annotation>