<?xml version="1.0" encoding="UTF-8" ?>
<annotation id="chase03" activity="chase" source="MTurk">
    <object id="0" role="Subject">
        <attribute type="Mental">angry, angry, annoyed, annoyed, excited, excited, excited, excited, excited, frustrated, giddy, happy, happy, happy, happy, happy, happy, happy, happy, joyful, playful, playful, sad, upset</attribute>
        <attribute type="Detection">child, child, jogging, jogging, person, person, pushing, pushing, running, walking</attribute>
    </object>
    <object id="1" role="Object">
        <attribute type="Mental">determined, excited, excited, excited, excited, excited, excited, gleeful, happy, happy, happy, happy, happy, happy, happy, happy, happy, mischievous, playful, playful, selfish</attribute>
        <attribute type="Detection">carrying, carrying, child, child, jogging, person, person, running</attribute>
    </object>
    <object id="2" role="Settings">
        <attribute type="Mental" />
        <attribute type="Detection">home, indoor, indoor</attribute>
    </object>
    <object id="3" role="Others">
        <attribute type="Mental" />
        <attribute type="Detection">ball, ball, chair, chair, table</attribute>
    </object>
</annotation>